corpus,condition,model,n,det_sev0,det_sev1,effect_drop,mcnemar_b_lost,mcnemar_c_gained,mcnemar_exact_p
ceas08,original,logreg,61,1.0,0.7704918032786885,0.2295081967213115,14,0,0.0001220703125
ceas08,original,random_forest,61,1.0,0.4426229508196721,0.5573770491803278,34,0,1.1641532182693481e-10
ceas08,original,gradient_boosting,61,1.0,0.7377049180327869,0.2622950819672131,16,0,3.0517578125e-05
ceas08,url_masked,logreg,61,1.0,0.5245901639344263,0.47540983606557374,29,0,3.725290298461914e-09
ceas08,url_masked,random_forest,61,1.0,0.19672131147540983,0.8032786885245902,49,0,3.552713678800501e-15
ceas08,url_masked,gradient_boosting,61,1.0,0.639344262295082,0.360655737704918,22,0,4.76837158203125e-07
