url_condition,model,n,det_sev0,det_sev1,effect_drop,drop_lo,drop_hi,mcnemar_b_lost,mcnemar_c_gained,perm_p_value,mcnemar_exact_p
original,logreg,270,0.9888888888888889,0.8666666666666667,0.12222222222222222,0.08148148148148149,0.16296296296296298,34,1,9.999000099990002e-05,2.0954757928848267e-09
original,random_forest,270,0.9740740740740741,0.9222222222222223,0.05185185185185185,0.018518518518518517,0.08518518518518518,18,4,0.004199580041995801,0.004343509674072266
original,gradient_boosting,270,0.9814814814814815,0.9703703703703703,0.011111111111111112,-0.014814814814814815,0.037037037037037035,8,5,0.5814418558144185,0.5810546875
url_masked,logreg,270,0.9851851851851852,0.762962962962963,0.2222222222222222,0.17037037037037037,0.2740740740740741,61,1,9.999000099990002e-05,2.7321894746634712e-17
url_masked,random_forest,270,0.9481481481481482,0.8555555555555555,0.09259259259259259,0.051759259259259345,0.13333333333333333,33,8,0.00019998000199980003,0.00011222142620681552
url_masked,gradient_boosting,270,0.9777777777777777,0.9259259259259259,0.05185185185185185,0.014814814814814815,0.08518518518518518,20,6,0.009599040095990401,0.009355306625366211
